id_code,diagnosis
b2b79b37d314,0
175dd560810a,2
c3cd0200df79,3
cfed7c1172ec,0
e811f39a1243,2
b085caa513a8,0
b22354b5f94b,1
94f9ecf4b8d2,0
d85a842d20bd,2
66375b3c64db,4
f999c6921e6d,2
52ae917fcea4,1
b99c825b93c5,2
a76b69e443ce,4
92fcf50b3562,0
38055d8b9f08,3
a419fcb2dfb5,0
f85fd4fac887,0
9de9421f17e3,0
b50b30aa6e6c,1
c26f98f58350,0
dccdf750c962,0
7d94a000c2d0,0
aad0c0ee9268,2
28824d12d31d,2
4478b870e549,2
239f2c348ea4,2
2fefb720869a,0
ace287a5c991,0
76095c338728,0
04d029cfb612,2
74418f620068,2
7e4019ac7f5a,4
62cc7ddb53b6,2
e3ec668f6fad,4
1fd5d860d4d7,4
f6f3ea0d2693,4
576e189d23d4,4
d2c6b99ef62c,2
a247961a5cd9,0
d6e26fe51dce,1
4bd5d0b30198,0
0684311afdfc,1
d66ccb75ada1,1
8acdf12f412a,0
f3bb996b45ce,0
2923971566fe,0
fea14b3d44b0,1
d16e59a2b33a,0
fa7fa797c650,0
999115d9386b,2
000c1434d8d7,2
bdc6c60e9133,0
55968f0e63c4,0
4409965eb2a4,0
26e231747848,2
675de69373f8,0
b7e0f95353f2,3
404ede327e98,0
4f6abc40c72d,0
a9a28c37c8c4,2
0b3efe669365,0
33b893e18eb3,1
d93b61dc8f64,0
a06a63d866b2,0
8ef2eb8c51c4,1
f3a4751af42e,0
f00ce9b9d6f4,0
e580676516b0,1
0ac436400db4,2
a56729de89e9,2
8273fdb4405e,1
51a1d162e223,4
f26b02ead915,0
7a9f45fdf29b,0
ef247f28004f,0
44976c3b11a6,0
85fce24084da,2
96c3e3db68bc,2
89b725411cee,2
a8c54e2a4b79,1
ed246ae1ed08,4
4ad6109706e8,2
0519b934f6b1,2
5b5b80a3edee,4
ffec9a18a3ce,2
9cc6b1f9bcbd,4
f7116e7b2f4e,0
0a85a1e8f9e9,0
03b373718013,0
4e7694eebb91,2
d9a475dfe59a,2
891329021e12,0
1ee1eb7943db,2
d3e884109b45,3
1f3f32efaf20,0
0fffa73e2402,2
686ed1dbae20,2
1844a039b4ea,2
26d9576e8043,0
070f67572d03,3
1c5e6cdc7ee1,2
0083ee8054ee,4
847b04287c9c,0
ba2ea9182090,0
f002ce614c59,0
8ead17dfb6a6,0
6b07971c3bf6,1
2994f17f58a5,1
9be0683649ff,0
803120c5d287,2
cbc2e57447c2,2
ac0a48ccbf70,0
504a69096fcb,0
681c3c115684,2
d69698f838db,0
cc671a73e1cb,0
2ef955d6d9ff,0
d2c2f02bb313,4
ad570b850a4f,2
b70e7c26f51e,0
f48241b0c995,0
4d9fc85a8259,3
6324d77cf926,0
e82232a3c28b,0
83df53d58f28,0
46d3316c4857,4
530d78467615,2
b94c58d063bf,1
757e39293591,0
86410aa13b3e,0
13d014ccd136,0
df9cb3729eb1,0
beeca5f14618,0
fce73678f650,0
a86128b601a7,0
878e356c8fc9,0
0bf37ca3156a,4
57469423a012,2
511fd66b2df8,0
d0926ed2c8e5,0
93802d1e3c41,0
f366fb1cc475,0
0e75d51152fc,2
a987aa7aac37,0
9e99ae6ee7af,0
58a9e0d7f7af,0
d6228d951958,2
840527bc6628,2
5a93c0f783c4,0
498f143c0374,3
9a1029536d78,0
10bf25731c08,0
18b7e34eab8f,0
5ed6dc419e4d,2
cffc50047828,0
a88f68b0b114,2
1e9224ccca95,4
76e589911303,1
30db694bee42,0
0fc6829da85b,0
f18abfa690ab,2
df5ce3ea7820,2
0d0b8fc9ab5c,0
f0098e9d4aee,4
8c87bd748996,2
6c30dd481717,0
6f4719c6bb4b,4
b3c0c3330278,2
4528fbbd43a3,0
ca25745942b0,1
fed5bb685832,0
726dff37edc0,0
07a1c7073982,1
b187b3c93afb,2
bec0acd539b2,3
b7278b4f2448,1
dd285d9e97fe,0
ae20112e7a1e,0
b9c7c5182075,0
9ac2e3e9fca5,0
fc898dfeb24f,0
45c39ab9e797,2
2bbd1f99ecc3,3
fa9f1bc03f21,0
9d1feed37610,0
a47432cd41e7,1
9c5dd3612f0c,2
42985aa2e32f,0
96b5474ae604,0
1ab8d3431ffc,0
28f98cfe3858,1
3ddb86eb530e,2
dea7538bb91a,0
e135d7ba9a0e,0
a15652b22ab8,2
ca9c912ebad7,2
2f9b66784109,2
2d04cead4d3a,0
2ef4a04aed1b,0
10de500cf0c5,0
4ce74e5eb51d,2
bd269a1f0e4d,1
ce207b69ff37,3
974c7d7b9c64,0
e0d229db881a,0
393fa5a023a5,0
46923eea9a4e,2
3b4a5fcbe5e0,4
83d81ba5959c,0
3dfc50108072,2
999ad827ed35,0
71e4130bf5c8,2
c027e5482e8c,1
1df0431bfa73,0
b7bd4a6627b6,0
38f1901f214a,0
60aa4e649abf,0
5ead17e894ae,0
436e1793d240,2
8ffa608170d3,0
1177d583c807,2
529906ff9dfa,0
1c5ad36fb799,2
5b72ff04333d,1
930fee99213a,0
281d7b7c7676,4
6e092caa065f,0
4d1e7def7624,0
578109578b46,1
913490237ad4,3
ea05c22d92e9,2
dbee04ae6426,2
76bc31e0d3be,0
eabf421f94d0,0
ae2c3f6312ef,0
582115961a3d,1
a9c7b83caf81,2
5d5b5da5f939,0
fcc32dffd24d,0
5445255635f0,0
36e4b704b905,0
b835b6e31a59,0
ee78ce914066,1
86d6808f0609,3
6966abf40b8c,0
7b691d9ced34,0
da0a1043abf7,2
0151781fe50b,0
917f76f360b6,2
b576c5269ad1,1
486e852a3b4d,0
fdd534271f3d,4
3f73c91b7e32,1
bc92a61a1f9c,0
08b6e3240858,0
3b0190bbe615,0
ac2c814949f9,2
6fb656d506b2,3
cf8ae5501bd6,0
2bb063318cf1,3
bf7b4eae7ad0,0
3c726de3ee90,1
668a319c2d23,0
838b3e4d0bb4,0
f4ea2a2cfbb9,0
8f14bca04b47,0
a673193cd5a9,0
916915f01e17,0
594f69b503ad,2
08a3875063c3,4
c23ff6dcf15e,0
d2fb715b0c41,0
3c326543fff6,0
0f364b7d4384,0
00f6c1be5a33,0
7247a2c97f71,2
13ab8db8c700,1
54334705a34d,0
0709652336e2,0
0953c0ac1735,2
810d3779abd9,3
54f57cf26126,0
fe06dad6851c,0
401fdfd0db07,0
98e8adcf085c,2
a1b12fdce6c3,2
72606afaf3da,0
c6a2975228af,2
f994a3b07935,0
7eeb191ad06b,0
941d874c8afb,0
891392c9683c,2
5a091e8cd95c,1
b11dcdcbc8c8,0
d4bc001f7224,0
f1d719c97838,0
53327edb9e4d,0
3aa2b1ce6700,2
cd4e7f9fa1a9,2
98277aeb96a7,0
3908b3cfd620,0
cad5b1a82e60,0
180afe1d5ef7,2
5eb8fb1aad41,0
613bacb35c05,1
bf9cba745efc,2
fb767cea406c,0
cca626a0e19a,2
65cf00be6fb4,0
29192375ab1b,0
54b322c66d01,0
374535e0adb8,4
a73c3d516c59,0
a62e995f167c,0
10a5026eb8e6,0
7a12f49e29df,0
2fb3a8606a77,2
115e42dd6a81,2
b7a1bb106051,0
ab7991df166b,0
4f46d7ee61ed,2
0e0fc1d9810c,4
338326891d84,0
0773a1c326ad,0
5cf9127f251a,2
8dba09a4e5ed,2
ac81fc200162,0
f64b6e85f1c9,0
6630f8675a97,4
080f66eedfb9,4
d39752cb6e57,0
1a1e974a7dbf,0
0125fbd2e791,0
65e120143825,4
a879c3569552,2
4e231670b48c,0
a93f1ea3ff4a,2
08f8838d69bb,0
f8d62557ad0c,0
0cd31078cd08,0
27b68863349f,2
f8fc411092c7,2
cd29c88c9e36,2
4dd9d29eae5d,1
29f44aea93a4,2
a07d571bf7ba,0
2f4e81787d9b,1
172df1330a60,1
c18a006f7f1d,0
fa573163dd8b,0
5712e2aa73a2,1
3823acc4e464,0
4e43d05cc2ef,2
23fca0693e2a,2
5d4e5fd34d91,0
191348830ddf,2
5bea250d8bf5,0
976082127e2a,0
1116271db4ea,1
4c570172778b,3
8b58f9a338e8,0
d7078e8b0349,0
812d5adafaf2,2
799214e8b07c,0
09c8323c612e,0
d88806d9ece9,2
96d48b073f18,2
762d6e5d5068,3
0981195eb9fb,4
4b237b958555,0
c280730cc211,2
b73d0bcd3d33,0
55034b1dbff2,2
f0546a45ef10,0
e2161692a0b4,2
cb75210abebe,2
b65ff67743b2,2
15e24b73d4a7,0
103abbd8b63e,0
aa4407aab872,0
da8900ac7f29,2
260a455692b5,0
ad93d88c87ea,0
bf7221a016b5,0
abf09c44d5f4,2
6194e0fff071,4
1002f3fe38f0,0
f549294e12e1,4
9e2a8135f471,0
a7b7dc8788b9,2
28dc010a0780,0
ca0f1a17c8e5,2
51d0034d177d,2
1124ffcd76c2,2
d9e58e4d8689,0
658ad9f09f5d,0
6e3526053de0,0
7a3ea1779b13,1
7131bf4c9e6f,0
874f8c1929f6,0
49386d603494,1
ee059945b08a,2
0cae727cf119,0
936299166bea,0
f850cb51fdba,4
cd9e2190c73f,2
8596a24a14bd,4
00b74780d31d,2
74898f372d2b,0
d3e56584a481,0
c261b1aaa828,2
51269b77d312,3
8dc22e65c06f,1
81b0a2651c45,2
387138ddf43d,0
f7508f14dd7b,0
44e951e45dca,2
4289af3afbd2,2
e594c19e2e1d,0
7b87b0015282,0
09f1111a388a,0
ccd6dcb2f568,0
7435e9a3e36e,0
9f285b3e57ed,0
6852f4531591,0
084c02cf077f,0
7fdb177b8f7d,0
4a558a1cd243,2
7d48f8cdfb69,0
b07bc463b718,1
4a1afe4044f4,0
dfc7ec7db0e0,0
e6a5e4718873,0
8eb3337a54e9,2
6028a575dc27,1
9a7bd084395e,2
bb85097857fa,0
64fedbf97473,4
720b5f62ce80,0
01c7808d901d,2
384e6c915722,0
478fc46eaa49,0
cff262ed8f4c,0
a06e41bd2634,2
bcdc8db5423b,2
222f3ee3a1e8,4
3bf3085ac167,0
af345c68e836,0
a15470303941,2
64b9206afb3f,0
7f84284598f5,2
d4f32b9c07df,1
ea5c42a78979,0
6180920bc224,0
af8aa32beee4,2
525d0dd8dc45,0
a7b03e58a6e1,0
12bc439d373a,0
4a4cb731f91a,0
e52ed5c29c5e,3
1a7e3356b39c,4
3796af4d987a,4
7f2123bc89a3,0
ab78a66dee6a,0
345b1f0abbba,0
1d29cb2f4296,0
e7a7187066ad,2
d8cdb7d7283a,2
f66c4ee86629,0
36865bbc64d6,3
e1418d28d668,2
3cd801ffdbf0,2
4036471a1bb7,0
4e8585a96739,0
de50dfa745f8,2
417f408ee8e0,2
b17f0b81dab3,1
fa59221cf464,4
18d8fdb140b7,2
e04f3c6619a3,0
29b52f64d2db,1
20c883d3bd38,2
1ffaa51a6245,2
ff4955e76894,0
0a09aa7356c0,2
d6130f2ec903,0
2f5c9cdfb333,2
d41b33fcb94f,2
59ee65760535,2
ad029ba7fa8b,0
7569ac24762e,0
5723d0ec895e,2
1e8a1fdee5b9,1
e966850247f4,0
48afe8c47454,2
bd06028eb7dd,0
0a38b552372d,0
4c5ab774a381,0
26463a5fb949,4
e83d315d8f98,2
495255c7492f,1
3b10191dfd25,0
842d697884f6,2
ae2e888905ba,0
e322acd46152,0
50916d67bb51,0
bca2bdc15fc5,2
5879285f9d8d,1
a9e3d186cd1b,0
f451eee2b66b,0
de6210f88536,0
349f3c0ac83e,2
8201cab8322d,3
9f1efb799b7b,2
3fc219927a97,2
2d7666b8884f,1
210bfe0127c6,0
2a4520f1f9a3,0
883ddb650967,0
164cd5a3a6cd,0
6fe4751a3b42,0
6c2555a9cae4,2
44e0d56e9d42,2
093cf723fede,0
98104c8c67eb,2
ebe0175e530c,4
f9ecf1795804,2
6cffc6c6851a,0
8c4ceddeb1c6,0
4c6c5a1bf5ab,0
eb6b1f1c09db,0
d7a01fca9838,0
08c60c647673,0
07419eddd6be,2
91b6ebaa3678,3
e4f12411fd85,4
025a169a0bb0,2
94dcb491143f,2
0abf0c485f66,0
ef5155990874,0
6d259b5b4c76,4
3ce2f8a77a32,0
eb1ad14dd281,2
1f0e223b8055,2
65e51e18242b,1
4c60f6fcea75,0
237c078d00fc,3
57db4781e7ec,0
aeccef0bdc26,0
41345cec5957,0
cb602182cde3,2
fbfa925506f6,0
35cd9832fc0a,0
edceb0657d77,0
4a213b405ee4,1
f23902998c21,2
51cfeccaf40d,2
c5a6f432a1ec,0
521b5377a727,0
d88c4843aec3,0
3601dac9bed7,0
5b3e7197ac1c,3
e55188915f9d,1
306c841af3fc,0
5db895d3f1fc,0
9dab2e6ba44b,2
e2ec22b3d07e,0
1438288bb2e1,2
63363410389a,1
15cd5f52d300,2
a3ad6c2db6f1,1
367c7049929c,2
0efc93ec838b,2
03ff7d159f10,2
bff51afc76d4,0
df3adfd6ba36,2
d0d59ed675b5,1
af87d48ffe01,0
e47770a2e5d1,0
b0f8613305a3,0
c6d4e4a3bd4c,0
8c0d05233238,3
4d17559ac1e2,0
ff03f74667df,0
f3a268d2726d,2
3a4cfea0a766,0
7bc2e0fa3f72,2
5a5d3798c357,2
849a91e9ab28,1
3c1efa38d0da,2
b9519abce0c1,0
4eaf2f81819d,0
bd500a73beae,0
52230bbef30e,2
a9dc80cba9a4,0
24f3e70f0419,0
23148a40ecb0,2
6294b378d09f,0
0a1076183736,2
a8a6588c8eb7,0
29a13e666266,0
0fb560f9adb2,2
0e3572b5884a,0
e4dcca36ceb4,0
f58cdfa968be,0
7c629b491d1a,4
1da4a17c18c9,0
7526c59c36d3,0
2a8a9e957a6c,1
f0c0f7b5e820,2
e23add229074,4
61a62b1dcc36,0
a9e984b57556,3
2408799a09b2,0
bde1063a5dd7,0
aa31bc6b8f4d,2
7f6690fa390a,0
1f543a86c4d4,2
a1822dd8d05d,0
1b3647865779,0
4c635a01593d,0
ddb222ff7c1d,0
db49cdf1ea64,2
97f290d31813,0
07f5d7baf907,0
7efc91af4ae6,4
98f7136d2e7a,2
a14fcf84bfe1,3
91a88d3b0358,2
5a11d21c2828,2
1cb814ed6332,2
ae1344610ebe,2
e7defafeb957,2
992599744a23,0
15e96e848b46,4
98d41bce73a8,0
bc34f52c37c7,0
6bcce181be65,0
66a0bf258013,4
5056fa7d505f,0
2bbcfdc477db,4
3128eb593012,2
7da558d92100,0
810ed108f5b7,0
ae975c43bd8b,0
8a3eb86ae4bd,0
bc8c6a778cde,0
d659d7fd5ccf,4
8ab3faa3701f,0
107aea0d9289,1
b71428739d4e,1
5b644a403e1f,2
2b5bb6d33959,0
378963f9df22,4
bba38f2294a3,4
0cb6b898389f,0
ba735b286d62,4
b460ca9fa26f,0
d332d7b8a26e,0
01f7bb8be950,0
a3d2a0c4cd17,1
f5650eb52640,1
5347b4c8e9b3,1
881ec6186e68,0
b95d4dd8e5e2,2
3748349334f6,2
bf8092e4001d,3
12ef75375322,0
ca7f5caddf96,2
7e9081e95bf6,0
4f5dd7660b17,0
a0adbe677508,0
5a36cea278ae,2
8bf2d925dc0c,0
08752092140d,2
3232b34cbe99,0
b8f1b30877db,2
6e018411ba4a,0
d865997a6280,0
9b0eb9f41da4,2
3a1ecf5e2839,4
36b5b3c9fb32,3
2d3f4094c08a,0
52edbe29d655,0
9fefe2b44795,3
bc34ed91c9bc,4
4ccfa0b4e96c,4
fdd18ccbbdc5,1
6b30767595d8,0
df0886f1e76b,0
4a0bba3b7d83,2
e7578d8dba72,0
573ea80a53be,0
a7c10ca6c117,0
a963ac561580,0
0415fc68b176,2
87a9f4d20f07,0
906d02fb822d,0
a70d0f12a641,0
419406328dcd,2
1c13a1483f4a,0
75ed83dbccce,0
b6fd109b1bc9,0
87d46b1cc4e9,0
4ee1ad981a6d,2
59e5212f7139,1
885fa5fc5da8,0
d2cd47ed2c1d,0
aeb6f4fd2eed,0
97a5ad7548b7,2
423abbaa5fad,2
bffca6eeb2bf,0
add1d681d712,2
f0267c42907c,0
cb28adab4e8a,0
042470a92154,3
5b32ece9c627,0
76516f828d88,0
310c27067ac0,2
af831c158744,2
360832d84ce0,0
b16dd4483ca5,0
12ce6a1a1f31,1
f1dc26c4bfa3,4
beb00fa6e7c9,0
356304d15a5c,0
34a7dbd3f05c,0
2f81ee5f2926,0
aeed1f251ceb,4
587146a55885,1
b9fe7da14a32,0
246e4506824a,2
bb9a3d835a94,1
d2ffe9287dc7,3
eeb231c3ef1f,1
ec4649213ccf,1
7d1da90d3ca9,2
5ba156a35ff2,0
e933923aab15,0
ee3fe7809e6a,0
00e4ddff966a,2
47d1603a555b,1
42af7282349b,0
a0267206d51e,2
a15590a7d774,2
50f5201fd18a,0
91b7a4179ecf,0
70f5caf5f305,2
2a5a8b744f08,2
c1896142a20a,4
e9ab8413e771,4
53704c80f0d8,1
ceb601fe8dba,2
daad7b617f21,0
e12df54e0d1e,0
42c65af5ab16,0
1b398c0494d1,0
2376e5415458,2
e93394175a19,3
fe0e2dee1834,0
5ca779ace6e7,0
66bfec8d6bcd,0
4403538fb50f,0
48c72dec46e5,2
4145dcb25053,0
a1872f9c0cba,0
de2eb5c8aa83,0
64eb5a79dfdd,1
ec6f1797a25a,0
937bc1b924b1,0
7e9458de5707,2
a2dff8dbc9f8,0
1c47815f4a6b,0
c8fc0df22999,1
a015ce4f51ad,2
59fee5bc3479,4
b532dedd928c,0
c80f79579fed,2
1509d097b69a,0
7ba6b23c4b46,0
03a7f4a5786f,4
0f6e645466a2,0
b46b09a45f39,0
971bb98ab935,0
fd62bd0db4f1,1
272d9c043c81,2
43fb6eda9b97,2
79059d0592c4,2
b6bfe9db60e5,3
d97911a32918,0
16060f05d047,0
5188a8afa879,2
a02dfd67a925,0
dee1031a76ae,0
80e7cc0a0649,3
910bfd38e2f5,3
46c1548d730e,2
7cc4b7aabe04,4
b598bc9753c2,0
25b0e72705a8,3
f0e1201b5c1f,0
64a13949e879,2
2cceb07ff706,2
8a234d68b27e,3
3dec415b188a,0
b3d135bd3bb5,3
9c52b87d01f1,3
12ae44be0d38,0
f30f203ef51e,2
64bad93fde3f,4
81914ceb4e74,0
5f4a8c074bd5,0
addf66a50f42,0
318eb706a134,0
beb2ad14fd2d,0
ab3c505b624f,0
dbd062558b81,1
b2aaa81cc8f0,2
1dfbede13143,2
e8ddfc9709ce,0
1a369baf9ee6,2
d141728fa392,2
a47878630dc2,2
1b495ac025b7,3
a664d2055886,2
2a08ed6bbcbc,1
a2696f444ecb,1
da6bbb76d562,0
bb2f89488ecd,0
9b093fe95d6b,3
b200c23b299b,0
a7ec056502e7,1
bacfb1029f6b,1
5e97cb2b0888,0
e6552b7432b3,0
6e861bc3bd7b,0
53273d664cd8,0
34723fae6475,2
aae8f9f3ef8c,3
7743f4e04a6d,2
61e301bd3c25,4
a2b995b81692,0
e087bd4b88f2,0
571bbdbf585e,0
359bab5d784b,0
8b079e79035f,0
57f5ad4b5b29,0
11b220a397b8,0
8f10e41a2f02,0
2b4c7b5f1f1e,0
3079490a4b9c,0
fe2df69676cf,1
6b128e648646,3
ed88faaa325a,2
e251bdf05b85,0
2b88cb6e31cd,2
215d2b7c3fde,0
fe37f4492920,2
0eced86c9db8,0
a8b3c0961d42,0
bf811911acf9,0
29d059522fa1,0
870f433e8f37,0
c7b622ec8104,1
c9ea9d5eab65,3
9985375d709f,0
8693ab1fd2be,0
33ffddea8c6e,1
cc12453ea915,1
05b1bb2bdb81,0
2c1d5be654dd,2
8bc6716c2238,1
c21eb81de9fc,0
217dad18a5ed,2
6d5a8362dd1e,0
2e26762daed5,2
7c2f820a6425,2
445a8a6da55c,0
22895c89792f,4
cbe633765ea7,0
92b0d27fc0ec,2
780f9daaa24b,0
8b26d3cd61e8,2
876e1dd12d38,2
609be3ca5ddf,0
77ab222bf85c,0
3c72f580d4ba,1
7e77b61e1639,0
3fd7df6099e3,2
946545473380,0
f9e1c439d4c8,0
7f60f2a083d3,1
1dbdc32c17db,2
db6207e62c7b,0
fda39982a810,3
2fdffb6160a6,2
2c77bf969079,0
de16416220de,4
2682e6da9050,0
77e15f213b04,0
c7d0deb71576,0
b746a6681ba9,2
da1fb35f5df9,1
b74de20d73de,0
2f284b6a1940,4
c40976189f22,1
41ab357d103f,0
adb56cecafaf,3
152db3de8120,0
47e51065b819,2
7dee6bf8b9c1,2
bda7ff3b1562,2
3461dc601cc2,1
0e82bcacc475,4
12058bbb8299,0
358d2224de73,1
5cc6dea19614,2
ff8a0b45c789,4
e7fc93ac5b6d,2
2d9d97a6e713,1
fb61230b99dd,3
c4aef0d88d1b,0
0afbeeef0ff7,0
904b03ad5594,0
3c9529918097,0
c5b58cc992af,0
f025f33b2c9b,4
962c0fc85e13,0
aea59ebec445,3
09eeafa9656a,2
799cb4c816ae,2
32a3eb37ff40,2
9cedf5c7016b,2
fc1b1841eadf,2
9bbb6c455913,0
c31651ea04c6,3
65f69234c8a7,0
d5a39339ff3d,2
ab1c20a94f3f,4
38c7153457e2,0
9870ce41cac4,0
d10d315f123f,2
4242c0d87f57,2
0180bfa26c0b,2
f4874247ede6,0
c5431b81cbc9,2
6e092b306fe1,2
e12d41e7b221,2
d7ab5c040294,0
a8582e346df0,1
875d2ffcbf47,0
c568e5245ea5,2
7ae69d22075a,1
35362d43e753,0
248dec89b3a2,0
d5ad3362424c,0
fc4c2d35c6f8,2
7b9d519cbd66,0
2b21d293fdf2,2
dde43aa22ae6,2
76c0c7e1b6cb,2
436fa3fd145a,0
278aa860dffd,1
42b9c1977681,0
ad20080452de,0
5a179c123fd8,0
8e76054f0831,0
2131aa3a1e6f,2
5b47043942f4,0
f6d760566a51,0
bfaa0080ab61,2
c597ef460944,0
b640e3bdff75,1
f47a2a4a0411,1
2cef97083e6f,2
3132556f5352,0
3710ff45299c,0
72a867980067,0
2ecbc2e3f239,1
789f0ec1eab8,0
523d0c2cb4d6,2
18b06f56ab27,1
37de05ef12a5,2
ef81cd8854cb,0
f9156aeffc5e,3
fefded6bf135,0
5c817060c0ed,0
a646c084928c,0
c096131ad065,0
ad1aa75d5630,0
3a1d3ce00f0c,2
9c514d2d5b3f,0
2776d70724d3,2
1d74c4713e21,0
613028ede6a0,4
d81338217fc5,2
11d8e5eaee5b,0
3f47f83217b5,2
d1b279cc02ae,0
e66ad813a508,0
aec51513cf45,0
5bf6f2958e53,0
4c53cc97ea13,0
9da74370835a,2
71c1a3cdbe47,1
79ade634c633,0
58184d6fd087,1
837acf120946,0
b06dabab4f09,2
8d3d67661620,2
5ea9e447bb62,0
9eaf735cf01f,1
d9ba044671e1,4
4cddfc22b0ad,0
7269a1d84a57,0
7f6ce40f306b,2
aed4e743c230,2
e5f332efcbc7,0
31452ad8808c,2
d0b132d2c7ec,4
15b21c80cc31,0
5548a7961a3e,1
bdff5d8bddf8,4
33d72035c27a,0
86d58f850a0c,0
286e9981dd9b,0
60f15dd68d30,4
a8652b2de23f,2
fb696a8e055a,4
5327f88a1919,2
2dd28ac497d2,0
07e827469099,0
cd01672507c9,0
d5c63a8d9e94,0
80a02014b418,1
4bcee3cbe232,0
61c667663f2f,0
85cc6d636898,2
b0eeae01b8ab,2
b09101adb478,0
e16fc934069f,2
8a8a251770cd,0
9f935fb38440,0
956765d5f46d,0
fd87b6b2e664,0
02da652c74b8,0
1fddd7c98fd2,0
7550966ef777,2
7a238a1d3cf3,4
7f39c36469b5,0
08bef347f40d,0
40dd4e6e4444,0
9837048b85dc,2
af6166d57f13,0
4689b739d240,4
28f73575e1f2,0
92587e494d51,0
65f5d2a6eb7e,0
1da25637859b,2
e582e56e7942,0
7214fc7cbe03,0
e756495c11cb,2
f6f433f3306f,3
83b61051737f,2
5c8482926a08,2
c3d12a23f451,4
c446985355f1,0
da2bdf4236ac,0
7c2e852171c0,0
92f313287a29,2
49e4b95ee2dc,0
4c60b10a3a6a,3
90bde2ff8953,0
34acae864963,0
9b4fc15df3c8,0
a3802934bad7,2
0c2e2369dfff,2
1409ab48175a,0
a07d9a5045cb,0
e019b3e0f33d,4
150f92b45349,0
78a577c3e0bf,2
a6c9e96a10d7,2
5b0e53f53ef3,1
66366a90d1ef,0
4134b290f5f3,0
4dd7b322f342,0
f9d8ff3e6592,0
91f3c4c1e72b,0
07083738b75e,2
08037e4490e5,0
a2ddabee14e9,4
78bcdffb8785,1
01eb826f6467,2
3ee4841936ef,4
89b044cbaf85,2
c561bcd519e9,2
c6916bc42016,0
c2d2b4f536da,2
187f6ccda87a,4
190a309f2cc5,0
d911dd40c63b,0
43823561c3f0,0
e03e70bc8bba,2
4dd71fc7f22b,4
f7e9fa75c7c1,0
b9b6ee2b9453,2
a32b5ce3d48a,4
66d2ca47aa44,2
bd34a0639575,0
6a2c3f4ef329,0
f481f76a6b75,1
fb6b8200b7f8,1
f45f1485c940,2
7b20210d9120,1
be68322c7223,2
5cab3ef4b31c,1
203275daf46d,2
0c917c372572,3
11242a67122d,4
234399352d36,2
300305ce82d2,2
3cdda8b3df19,2
6cdd0f985270,1
afc744fad65e,0
4818672273af,2
e4c799738a19,0
b87f9c59748b,4
65e530ee2e79,2
da44f80b422b,2
8329e80c10ac,0
6253f23229b1,3
1b862fb6f65d,0
3b5dffe159b6,0
6298468d7d75,1
43bc7c066dfb,0
94076a9fb9b5,0
240b25a7debe,0
28503940d10b,0
57a710de68a4,0
3dbfbc11e105,2
02dda30d3acf,4
e740af6ac6ea,4
dd19428c3d29,1
ee74c3b177e0,2
ec57cc20d776,0
e31c42a8652b,2
a0fd94e2ad76,0
7a46cfa69bae,0
315c1a0d87fd,0
f62b8a076833,0
b5bf7b84fc66,0
269f0792f11f,2
c013e869acce,0
188a9323be03,2
8ab8d9b3ce3f,2
200d947f75db,1
81371b0c01ad,0
50d8249f7bc9,0
a7673ac44509,0
b70cb31b9abb,4
1b8ad0afe9fb,2
be3a7d9e981e,0
c1819db0aece,0
25e9fd872182,1
1623e8e3adc4,3
c68dfa021d62,2
30cab14951ac,1
42a67337fa8e,2
97da093947e8,4
6987804eb464,2
0ca0aee4d57e,2
bda8c973b09d,2
fc603cbedb41,2
14c3b41d289c,0
64ac539f58cb,0
767d777ee889,0
ffd97f8cd5aa,0
186c1835eec5,0
9d98a0b585f2,2
df6d13d04da1,0
b64e1eef3d63,0
dad71ba27a9b,4
ea15a290eb96,1
51aa3361294c,0
9f5a8665cf2e,2
5a2c27b95c7c,2
0243404e8a00,4
cd66754e1b3b,0
9ce46d400cd6,0
1f63d44d9e3c,2
2b07790a2422,2
d18e5b68f6d2,2
badb5ff8d3c7,0
d803598dabda,4
c334f8688b77,0
81d79d53ed7b,0
e724866f5084,2
63a03880939c,1
d567a1a22d33,1
e0313be77035,0
518e880613de,4
8846b09384a4,0
6dc07f968794,0
2209daf71aab,0
8ee50c26fc13,0
3286073a976e,0
bebb3f167654,1
ae94ce412de9,0
4ccee4db09b6,0
bc73ce76ec43,1
8a81f62320d6,0
30941b65348b,1
82088c6734e6,0
99e8bf998285,2
949710bead24,0
014508ccb9cb,0
f3a88d3026dc,2
155e2df6bfcf,0
383e72af1955,3
f9e779a13204,2
cb68fce07789,0
1a03a7970337,1
f952ad2e4356,0
e16af45285e5,0
6d6fcf49e515,0
80dbeb0fdc75,0
aabd867043cf,0
67f5d89da548,1
cb39761f0712,0
224c14366e11,0
2a3a1ed1c285,2
65a7fe9482fe,0
f0800723bc63,2
0af296d2f04a,2
abe940882578,0
8ceff4c4c860,0
86fbac86ed3e,2
a86c6283fd78,2
2a099b247b10,2
144b01e7b993,2
e6f0ce5bf282,2
4a693dd3921a,4
19ef4d292196,4
022f820027b8,0
898f0bc8acfa,0
8bad12d70368,4
cec299c2a2d5,0
44878f34e31f,0
4a5a6efc0bef,0
7350c50667c5,2
ff631653374e,0
55eac26bd383,1
80ed04a84a16,0
cd3fd04d72f5,2
1608c82a263f,0
80f6b30ece8c,0
d1fa0f744620,0
e821c1b6417a,4
a01024054596,1
555d0bef3c5b,0
c1c8550508e0,2
aa0afc41ed19,2
9ed6c2b25767,0
75c180e04f65,0
977e1ca77653,1
0ce062f26edc,0
6e73acb2cf60,4
9a159d4674cd,0
02358b47ea89,0
465c618f7b23,2
c6f5b5b5be41,0
5a27b9b2a9c1,0
b960142a8de7,3
fd4c946c52bf,0
b0c9a492e068,0
0da321efbce6,0
857002ed4e49,2
290ecdba359f,2
0d310aba6373,1
e5197d77ec68,0
4661006f3ba6,1
a1faeb4d5f10,0
513b0a4651fa,1
1f31701dd61b,0
18b99159a14f,0
33596a635b53,0
f36cb007a1ef,0
f68690db78d3,0
bf7047dc683c,2
1db6bb46c102,0
a00b4cb250a7,1
6f0463c1ff18,2
d7bc62d60e8c,0
6d7d26025122,4
79d44db3da2d,4
1f07dae3cadb,2
48543037d0b3,2
aa6242f9e08c,0
8b76c3c5cb3e,3
90b8bf342032,3
2fe06bedb2c4,4
51e656e5a541,0
d3dfd0a2dee6,0
0fbbd665431f,0
c90c6b94cf40,0
763ad1236efe,0
b310bd564329,3
89d2a7403a06,2
9fab29e69a6b,4
35df2bc6ae95,0
4704dbb59536,0
06024377d573,2
a0b7ad98df57,0
254052cf3e48,4
90c982cc2d96,1
4ecd1fdd1435,1
2da82d14e1b7,0
5ca73d28f17f,0
d868acdccb5b,3
8906c9ed54a2,0
33778d136069,3
9a496b1e20f9,4
5c85d22bd0de,0
cc964bf04dbc,0
2d870833c0c9,2
63c0eafd6aa9,0
1541226c5d72,2
d3d578fe433f,2
7335a2d43ada,1
4fa26d065ad3,1
7aabd768abff,0
58059e73d2d4,0
f64214bed40e,3
2f7789c1e046,4
d66b6f333dc7,1
ab50123abadb,2
dcf109df1a2b,0
f762c272c522,1
7d3835e4e63a,3
ef476be214d4,0
6c250a30593b,4
a182b5b191de,4
ca30a97e9d13,1
e12b67835e03,2
b498b84d383f,2
7a06ea127e02,0
9eaac43744f5,2
a01c590c444f,2
5bda2ed09e62,4
f71bea807c96,0
ce6f33a81ad5,0
753b14c27c83,4
6a91eb157f47,2
07a0be6b347f,0
c0a117de7d0a,0
98e44127872f,0
441117562359,2
3402124408ea,2
3e1f8fecb06f,2
e7d2c2c3b30f,4
e50b0174690d,0
789c60cba801,0
44ecf3f4efa5,4
ac1667fac512,0
7ccf9d25dc48,0
d990a3f0cbdb,2
f58f0b2fd718,0
fc8fce67fbf8,0
07a2b8cabf6b,0
39b5b05d6cd9,2
4c3c1ed09771,1
48fda42bd5d4,2
9bd008aab548,0
8c2f0f04e1ed,1
f901d460517c,3
7bda86d95c5b,2
0318598cfd16,4
bb783d8e496f,1
a80dab8eddf4,3
b43440c6ebe4,0
56e56aa08362,2
4e1e252317b5,0
cf0824f53dd9,2
de778495a1cd,2
1c9c583c10bf,0
f09cfc6a4dbd,0
050bb1eafa76,0
f72adcac5638,4
ef99c499d665,0
dc0eea0b68a7,0
880edb2cdb69,0
e9ff9352ccb3,1
91e2c2890c9f,2
be521870a0ea,0
87b671c6d4c5,0
82deb07a6618,2
6bf2a81a5d91,0
5b3d41626ec5,0
9859e2a6cc24,4
cd48cfab4e44,0
db4ed1e07aa3,1
d0079cc188e9,3
d6dbb0820ea5,0
5995321563b7,0
9a4f370d341b,2
e9ce5bf645ab,0
f02057c41256,0
58af2c054ced,0
91e82fe4e434,0
eae70f527755,0
5cde55f745af,2
cf0575534cec,1
d25b8a8ad3c4,2
8c29a76fa08c,0
5905a9b06a73,2
4ef0b485a7da,2
70d657f8f503,4
e65f94ad9be3,2
6baafa56895c,3
59f3f70abddd,2
97c6cb55866d,0
2f42e20db938,3
62ab144d5cee,2
2a3378bcfbcc,2
e7a372a1c3a4,2
3cdef7c591cc,0
0cbcc7b23613,0
2db0cd3e30da,0
c0f15fe3b4b7,1
197af0de76e2,0
3254e48c8aa0,0
d1ca85af57c9,0
a0445785e2f7,0
5486da4273d7,2
15528e740543,2
3599029efeb3,0
500aad15b7c8,0
c73c5f6ef664,2
848e66b9e199,0
38fe9f854046,2
13d71389563f,2
b72a86d61959,0
3f5b4c2948e8,2
523b3f0fc646,1
03e25101e8e8,1
1864d3411143,0
b9b99dad668d,1
b6a0e348a01e,1
612f2df37a1d,4
878a3a097436,2
a0cd7bffdaa0,4
29f9e1ac9507,0
331b87d1b9d1,2
0a4e1a29ffff,0
2399d68d407f,0
291f581d365e,0
665ce639a331,1
537e5c578f40,0
331121c65e88,0
8564b7aa3c1a,0
ecb4500285ed,0
a0e635689259,0
d18b1d8ac4de,2
d38cf0f4a9af,0
835b9f6e12ba,0
4f60129e9a5b,2
07a0e34c8d20,3
8dfa629ca74e,2
4158c340fa49,0
370f575adb23,0
710b05a96e0f,4
a08a0133754a,0
33105f9b3a04,1
bb733062f494,2
ed3ce1674761,0
535682537302,0
0c38940e1f80,0
ababe19ed448,1
684dd88a0d49,0
7347f5133a6a,1
7e5a76c4e103,0
a8c9fcdbc0be,0
f2d2a0c92034,4
ae8472f8d310,1
ae58ccb5905e,0
ccd34029493d,2
5eb311bcb5f9,2
247ac63e5510,4
3b73a3a4a734,1
20688cb25704,2
1002b5151b8e,0
6ba5ed791444,2
de4cdabbce6d,0
a85cda5f725d,0
07a3be30563b,2
79be2ff796bf,2
aa6673241154,4
ba4d2c4b3039,4
1c3a6b4449e9,1
0da632ca45e0,0
78b3f819dcc5,4
a0a0cd8af5a6,2
0dce95217626,1
7270367410a1,4
17d7d6b092f4,0
d9311f7497cb,2
069f43616fab,3
e5d56f4f359b,2
4e85aa647534,0
6df8b7b6e837,0
851e40a21f81,0
a2811f512c1c,0
76df141d966b,0
5777ef74c9ec,1
80e6e425f966,0
6a244e855d0e,3
2b48daf24be0,3
4fef9ed8a4c5,3
83d6e40c869f,2
d91635f380b4,0
4d009cebabc9,2
aeab0a63bcaf,0
7adfb8fc0621,0
42b93b574f23,2
0ad7f631dedb,1
d035c2bd9104,3
7455e2b5fc57,2
1faf8664816c,0
fe0fc67c7980,3
e499434242cc,2
0dc8d25b3f69,3
677f087cd697,1
962cf85e4f6d,2
28a4d00927b7,2
3d663a6a50a3,2
63e041a757eb,0
c8d2d32f7f29,4
1601c939412f,0
ba08cee68c71,4
62ecdc90dd42,2
0369f3efe69b,1
103f97a2ab15,0
453a1e2754b2,2
ed2c06fcc573,2
7c52fe73e748,2
8650d32f4a9e,0
969f92a390db,0
d968a983d4d2,2
0e94cd271c00,0
83fda7c0500b,0
598b8f5b3822,0
4c389d033cb0,0
19113e5f45ec,2
1bb0ddfe753a,1
ad1f7445b1a8,1
38e111cac46f,2
8958a4d17b7e,3
1fb455685328,0
f7735b6d47f7,0
9bafbbd152d2,3
0c7e82daf5a0,2
17188c13e635,2
e25ccfe38e44,1
ae57c8630249,0
19722bff5a09,1
e0863b353093,2
c1437a7a52c9,0
92e3d608fd3c,0
b99afe7137fb,4
1a90fad9ffa2,4
650104ede84c,0
a32886cb31ab,1
84b88e8d3bca,0
2d552318eb07,2
4958bfcc9f38,0
7ea756985353,1
c613db1cab27,2
98fbe56dcc2c,1
9e3510963315,4
ac5b5dddf91b,2
e1e490773462,2
6363b360aefb,2
0fd16b64697e,2
4df6a81b476e,3
ff4cd992667b,0
0e0003ddd8df,0
8010c931321f,0
ae61e19fb766,0
e79e10907295,0
352e4a939242,3
4d167ca69ea8,0
86b3a7929bec,2
ebd96d853918,0
7ec0e61a7e29,0
1891698febce,0
80b5a9519aec,2
d67374d3fa2a,2
cb0cc98d7e35,0
80b5697f2a5e,0
45e4b7eada54,1
d10ef306996b,4
89fc080f7e83,2
d51e5d7484ea,0
8421107255ae,2
22325552a4e3,1
6d10709053ae,0
aa10a4b2e709,0
35ac70c0d08f,0
28751f290ba3,0
7af4d8704032,0
17e6116b89b3,0
eebd1e195952,0
9858cc2ae073,0
c5ba9e455d5e,3
4cf4d528c08e,0
9a9b21215c55,2
d4be0403e6ab,2
9be71d6d7e59,0
55eb405ec71e,4
9785805af1b8,2
731b19a460ad,2
2b10f138e67d,0
78937523f7a8,0
1e8c31e29dd3,0
b759cbef90c5,0
6f460f9968c7,0
6cb96a6fb029,0
c947bb6cf9f6,0
d1f7ea924a01,0
fac399455195,2
c8905b8d5cf1,2
e32dc722eca5,4
8433a032b96c,0
5dd2e26fc244,4
71e43b4f8ba6,0
2ba0b0d9bda2,2
31b5d6fb0256,2
96ea316ed0ab,0
ca360bec5851,2
f8f5942b690e,0
abdb365cacbc,1
e4151feb8443,2
6fe67482bfae,4
fca1a8738b8a,0
50840c36f0b4,1
9f8112c710be,0
d1cad012a254,1
96c699221180,0
caec68f11c86,2
b56340f472d2,1
b5e6ae31493c,0
f531232ecb55,0
0ae2dd2e09ea,0
38b9bb961847,1
76b950c6ed5e,0
3e3a3955b9c5,3
f431f2e119d7,0
57f933d3d7c7,2
b351ae99413a,0
207dd0487264,0
6efa36d59ada,3
1cc58b15f466,0
6b664ed2a938,0
4d47300e3ddb,3
c1e6fa1ad314,1
2a2274bcb00a,0
6e1db8711879,0
51af8a689511,0
2628305cbb29,4
19545647508e,0
75238d945315,0
c94f37085d0f,0
4d1cf360b2d7,2
26cd40b57ad1,0
3de8ad4151e1,1
e1c02f6c3362,0
9039cbfcbb2f,0
fa0c87bd75ce,0
3218a6d8eb2c,3
b9bc81fcb075,0
857230f64a2e,4
b402b18d99a5,2
e39b627cf648,4
9c72ed6befa0,4
242fc19be06f,0
7be1b9aa78aa,0
f0f89314e860,4
8ead8f37423c,0
d144144a2f3f,2
00cc2b75cddd,0
435414ccccf7,0
655cafb4c932,1
6181aa9f75f4,3
6c6505a0c637,0
9e7a63b2fc6a,0
9b57e43b44e7,0
e2c3b037413b,0
9568eb7e9c08,2
475300735b7f,0
cf603a9ef2d5,1
9a326446c431,0
912fbe06407e,0
4318b6adeb97,0
b5834ee64541,3
1f9ccda4ddf2,0
c4a8f2fcf6e8,1
873fe0404d6e,2
36041171f441,1
58b866484a05,4
942f544c4e15,0
f5a8c6426a71,3
f69400b316a7,2
f71333204618,0
2a47e5b21791,2
e38f3a65b02b,1
0d0a21fd354f,2
51030843fde2,2
09934421c79e,0
70ed3ec68b94,2
4029d70e9d8a,1
03c85870824c,3
b6d9974443ce,0
80feb1f7ca5e,2
237aa50edc34,0
6c4ec95dd8ba,0
9ab18a4a957f,0
780f9c237c56,0
369229040a34,0
7635921c5efb,0
a30a143a53a3,0
5633ced07d8e,1
dfea19863428,0
b4f41b5bf0ef,1
4b6cb0bcfd44,0
84e8c62165b5,2
85cbb84ac8e0,4
c406325360b1,2
3246f07e65b4,2
fca931da5c5e,1
88e4399d207c,0
8191ae701985,0
5b1c4cefeb24,0
a3fcf42ff56d,4
8448af27ba07,0
966c07831334,0
72d98188648f,4
9df31421cdd2,2
5de4615a5161,0
be7bc89f5fec,2
3f82631e9080,0
f583a722434c,2
3a643599f852,0
df4aec4a0eaf,4
e7b5dd5bab1f,0
aa5ce75edcf5,2
1f4fb37e0854,0
a528be013a04,0
8af6a4e5396f,4
d02b79fc3200,0
18af532e7e1e,2
0924cec998fa,0
8871e6a26596,2
7356dd08b0ae,2
67844c46bc61,2
b77b88926843,0
afc345cc9145,0
c81c6911f5e0,0
499c8df39222,4
1c7a013eeba7,0
3e61703b5ab2,0
07122e268a1d,4
1e143fa3de57,2
eb32a815f78c,2
d6df4fe492ec,0
9910c827e2fe,0
1782142e17d9,0
69b3a00927fc,0
46cdc8b685bd,4
437900a99871,2
12025b34deb8,2
c85b79d70079,0
5069feccd866,0
2bd4d4fbed5c,2
8cb6b5b2f19c,2
b6bf847fbcb2,0
111898ab463d,1
12ab2f6397f0,0
295fdc964f6e,2
1df1530b9b8d,0
2f8d14a7d390,0
a8eb35b3bcd2,2
1efa5d443707,4
ac17cc18a994,0
cd01f4f83336,0
d473f6fafba0,2
d3be5346684b,2
a8e88d4891c4,3
4dc2211a1c31,4
a07efb1ecfc0,0
76cfe8967f7d,2
d27ac9e54901,0
bfe467b7e997,2
c5a9ebef1517,3
7a6495a39d87,0
4fd5ec0dca09,0
46f56c38051f,2
510aa0a898fa,2
8bdb891661a8,2
04efb1a284cc,0
1d46f1326394,0
8bf05909e1e1,0
2f7fbdcc9a4b,0
c52bb7343387,2
873dcc0b468f,4
0212dd31f623,0
5173d54fc214,2
b0d35981708b,2
5a444c32cd9a,0
ab724603ee93,0
e2a47a74e6e1,2
e5de79795c1d,0
27f82ada84ac,0
7663aba8d762,2
ace2281f00c4,0
6d6be4cfc73f,0
15bed5adde74,3
fd079d2e93a2,0
6c315ad3d07f,2
fc782722a50c,0
0dbe6c26cedc,0
0b2ea8f268cf,0
7347bd23ba80,0
d6803e467592,0
aa60813e1a8d,0
af5a0bc4e1fa,0
4f0866b90c27,3
389552047476,0
d85d052900b4,1
96a9706b8534,1
7e160c8b611e,3
3ccf96c1dd6d,4
42a850acd2ac,2
348598d01e18,0
de38adaae009,0
905cc86bf100,4
4eabad7948cf,0
ed6bd9293a89,0
493d99f030e2,0
b0619ca93a5f,0
ea4ce9516144,0
f2c0b41acd05,0
e6a58edc5b42,2
40c24aded50c,0
be161517d3ac,2
7a39c91416e2,0
d844a7252f4e,0
650fbed3fdca,2
27fca9f12b3c,2
d866c26d76f0,0
ff77e8e5b5f3,2
2df07eb5779f,4
855f0a5442b6,2
cd972e5639e0,4
916ec976ff30,3
80d24897669f,1
fa6f3d8bb1d5,0
436e7a7af761,0
b13d72ceea26,2
a19507501b40,2
7828dd083cdc,0
5a03fe3ed15c,2
b6304c545f95,2
096436d68d06,0
4ed31cc07366,2
ea9e0fb6fb0b,2
f9aa35187bf3,2
91cf56d3d1af,3
226c6ceb9185,0
682312e82ee3,0
a1eb88562239,0
54cab3596214,2
0097f532ac9f,0
5e7cc6ab4ac4,2
77baa08a1345,2
7ed4128b2a4e,0
e30a890600e1,0
8ae049175db6,4
3325b1fe55d2,0
ca6842bfcbc9,1
c98f623d08d1,0
61bbe8db6f3a,1
7d626a7ffe76,4
03676c71ed1b,2
eabc7c716255,0
61f403fdb434,4
11b5c77fbf79,2
ca7570c5925c,2
32d7d360d891,0
83e529e95b0e,1
e7291472109b,0
ab653b8554c0,0
66393d8c60ba,0
77b7b71ebcc3,0
a75bab2463d4,1
7fc3a8bb40de,0
7ccb267fd394,1
e4e343eaae2a,2
f5733f77273d,0
c97472ef2c66,0
4f20f9a9a65b,2
bb45257258cc,1
934104859e68,0
274f5029189b,1
f7fec8935126,1
a94da3d3b5c0,0
f3b27ac2d371,0
1d55e689cf84,2
76be29bb30b2,1
e037643244b7,4
de55ed25e0e8,0
d16398c971e9,3
e07045d7c5f7,1
6735931000ec,3
ea7e21bab610,0
f57cf3b6f48e,0
1e4b3b823b95,2
8c7c26c52a6c,4
6daef3e5ca22,4
b8dab47a260e,0
975252e325e3,2
59928f999ae7,0
50d8a8fb7737,2
6bb30ec3231a,0
bcc762618e7d,2
dc0f6e5b489b,0
6ea07d19b4ce,1
89d9c071a56f,1
a96ff96bbae5,0
a12ca80bb8c7,0
be21d8b60e2a,2
f56ff0440ed1,0
8a482c024fc2,0
62e6f814c8f5,2
6061f5b7378d,3
c373b73a80c8,0
68987fb159ab,0
b96b518596b3,4
595446774178,1
c3b15bf9b4bc,0
52886bed8a07,2
8be6629a6039,0
e2a233493b90,1
232549883508,2
8f9819752ca0,0
692e946b1f85,0
ff344e5c9341,2
f71aca5a7dc3,0
93d6d20a5ee3,0
ad2f0b9d059c,3
9c893e16c055,0
51cd8d2057fa,0
2c8101f14723,0
e96099b961b4,2
fe3b0e50be78,0
39923b29988a,2
94145d1f42cf,0
ba25f947f4ec,2
5dc23e440de3,2
135575dc57c9,2
5cbe88914a72,0
012a242ac6ff,2
ab686895533e,0
1ec95179cdfe,0
1632c4311fc9,2
d95959798b57,2
d1a60c3b9fe5,0
9e2058917304,0
1ca35d483772,0
4c129470cec4,1
41960d5f58c2,0
49a4765f8822,2
63b71347e95d,0
7d11dbc1e738,0
6762b2b48ea5,1
e246cd89e1cc,0
d99dd99be001,0
7a77c3eb468c,0
8e2a3978c244,0
283c3aeba594,0
76e5b50f95a7,0
08ee569d4721,0
f58d37d48e42,4
cfb17a7cc8d4,0
8660e1864665,0
2cfe8703f265,0
882a71de424e,2
8dfff47b06b7,2
523ff163211b,2
996f9bba4ef0,0
bfda2fd0533a,2
fdc685055659,0
73ef3c3dcbe4,0
c62585bd68fb,4
276b14f72328,0
721214151233,0
e85d410d6836,2
db52626d450c,0
2608e1dac5b1,2
28f93cad89c5,2
27bab1432f61,2
68332fdcaa70,1
001639a390f0,4
8e7981855125,0
7ce671f952be,0
462937ece243,0
9b418ce42c13,2
53f6c1c65c04,1
b3d12069e1c5,2
b2748ac28fc1,2
65a3b13ad9a0,0
5ac7a414560e,0
6165081b9021,1
494fc9c745a3,1
35d6c4c50072,1
3323fd59782e,0
9bf060db8376,3
174db0854291,0
218c822a3dd9,0
e60e4edb3ca9,0
73a07e2ea23e,0
582f739b8f62,2
f09fd9433dff,0
1dfe599d12a9,0
09935d72892b,1
dd90c321d7bc,0
4826d10030b3,0
26d60db3bbfd,0
e9f82b5bbaf4,2
c48ae5da188e,2
435d900fa7b2,2
5257cb536da2,0
0a902c80d5da,0
dc6fa1b38b83,2
1968183f0e61,2
a26f50218b84,0
070d4ce5fd90,0
e529c5757d64,0
71f6a6e4620a,1
896ad584a841,0
fb1b8771c70a,0
86baef833ae0,2
4a0890b08532,2
4a3da369b227,4
760b6f4c6d82,2
1120f6d08d95,2
041f09eec1e8,2
71c22da3d6c6,0
1a0dbc6c0cda,0
d29096bd94aa,2
daff5427c9b2,0
4464bb62bf20,0
75a4343b12f9,0
1ca62b3e4fd3,0
2b074afdf626,2
e06cccc08c59,0
e868c3da340b,2
a0d04a19cf40,2
c0e509786f7f,4
8af50c9d0a86,0
e62490b7d0e9,4
99ecdb41d5e7,1
8e20b8fac7c3,2
657859f893d9,2
c57c164bca05,0
fbcbc81cf9be,0
abf0f56c6f12,2
2b3a4a81d748,0
ef7a4ed8d5d1,2
de730033c683,0
4ef16a53d899,0
46acc506fa61,0
2dc647e00ad3,0
b963a11638f2,0
54dc6e8107cd,2
094858f005ab,2
9041eb43456e,2
3b2b91590590,0
4982378d72f9,0
17eb5d4ad740,2
002c21358ce6,0
84b79243e430,0
ad3fc5076852,1
6cee2e148520,0
4e54ccfd49b2,0
acf976efd7ce,0
0d744aed4d64,0
25002fe43f92,2
4dd5d5ccddcf,1
e2856afe62c5,2
1ab3f1c71a5f,3
b665041e1633,2
5e52c9fe676f,2
052d9a3fe55a,2
6a2642131e4a,0
b376def52ccc,2
18f1f979d30d,2
f819c65b803c,0
e4210e7fe587,3
4da6e2089d57,2
38373431d996,0
d16e39b9d6f0,0
6e92b1c5ac8e,3
dd02d60bef14,0
624fb7317106,2
a3bd2e034614,0
3fa4f4d77177,3
f4df3d86688d,0
3c53198519f7,2
a5bb85afc6e8,0
d667af5742f6,0
e77a93c3d9a9,0
d7ac4a0c9760,0
0c43c79e8cfb,0
78d53c82a23e,2
bab776139279,0
415f2d2bd2a1,0
b4e15102cd7a,0
85f99e7e4052,0
8714d17bb6da,1
e8e44b3160e3,0
21d18b022429,4
39f8935185e6,0
1b4625877527,2
0daddc45d832,0
baaca2f7e1f0,0
698d6e422a80,2
0c76fd494af6,2
45369821d6a3,0
099021fac3c9,0
b90bc89ce8d8,4
bacfa2b8e706,0
7d37a2939f12,2
64c6c6ee0d98,0
3428230bf1bd,2
e3a7671f787b,2
b98f77098b9d,2
33b978734eab,0
1ae8c165fd53,2
d9d2631f043c,0
f633c474e8b8,0
a476fd984005,2
57a5e4274275,0
fcc55ae641ae,2
ffc04fed30e6,0
c3a82acb7d7a,3
66cd9c28e636,1
e97ecf4355cb,0
af6a1508cd95,0
f4e68b61f480,0
354b8911d6ed,2
13d411c85ffd,0
dbb2c63f6f08,3
a95d9d61ddd4,0
d83d0695e215,2
bfdee9be1f1d,4
eb175669d789,0
1ca91751be4d,0
0161338f53cc,2
f80118bbda18,2
a6d45de20e4d,4
3044022c6969,1
6b00cb764237,1
2a2a6435f7f3,0
663a923d5398,2
6af071b0ac6e,0
7ee6de71c140,0
8785b71238d8,4
14ee87d6cc42,2
d7bc00091cfc,0
8e3b79e1f1f7,2
86e7f98f73f1,2
88e5051f65bd,0
983c98354e9c,0
25a0a1e41afd,0
bac1744955c2,0
252305189b3a,0
cae33655ca00,0
0ceb222f6629,4
3f3de2a6b0f5,2
4350a1b2f3cb,0
d29b37d110f3,0
e3b47ed5b511,0
ad944bd56bb6,0
f3cd489acbee,2
6c3589d7ed8d,0
a7b0d0c51731,2
64678182d8a8,1
a11bf2edd470,4
4ef7144e24ff,1
e66855a5c583,0
8e63fc4ab532,2
b7f0bc7d399e,0
87b1938994b5,2
e387311a840e,2
c6a8f8f998a2,0
9878db94d9f3,3
cbc23af521f3,0
9a3c03a5ad0f,2
c3c8fdda50c0,0
549381330191,0
932181b93b2f,2
ad6b07d5c338,0
4cae247d9909,1
639915f58a2f,0
67c03349bb31,2
9e2ba2b979f1,0
a4d4b69f7404,3
fd48cf452e9d,2
a64273801bde,2
1c9521878baf,3
929cd3867815,2
992b9a07b25f,0
bb11db08584a,1
a2163f0c2af5,0
f460608cf4cc,2
97d02a9b94f7,0
e4b0df29b96f,0
0a9ec1e99ce4,2
ab03d50bba2f,0
8aa3c4681542,0
384631079d1e,1
ec0c9f817b03,0
4246ed634f25,2
51d574513bcb,2
2fdfb80ea53c,0
384db24ebbd7,0
a1e236fbc863,0
ed6704e3b72e,3
19e350c7c83c,1
405085b53d7b,0
f8372e80f731,2
a88365134c3c,0
6c00dd8bf708,0
49d69c4c6290,2
b49b2fac2514,4
fa9bece586fc,0
5889a0c75cac,0
e9f3c85a2a02,0
f02babb3a023,0
af3b0115aad1,3
901a3552fe26,0
d264396d8d1a,2
eb050765b323,0
36677b70b1ef,1
cf1b9d26d38d,4
6f0e5848d9ce,0
2241b7e90782,2
b7aca95b97b9,0
7eee3d1f1268,0
26999ebc21de,2
c12e9ca420a5,0
3f98be586fe3,0
737ef6226677,0
63c3c571b8ee,2
df4913ca3712,4
00cb6555d108,1
50ddd7d976df,0
e69b48516577,0
5f13e8a07344,3
2c827005b8f8,0
628b581aa905,0
6bf26b777e3a,0
44f4ae58990e,2
05e9126dfa5c,0
c6e1e9fbf39b,2
bfb578c0e8d8,0
5b76117c4bcb,4
20404ec7b518,2
586f5c56081e,0
565f3404f9b2,0
0f495d87656a,1
9d75de31f1b8,0
457c7c927e27,3
3dbc90c7ee7d,1
8db2ce991101,4
9f37c98b8187,3
bebfbd907cac,0
3a6e9730b298,4
7bc4dd99eee5,4
8d13c46e7d75,0
62b4be2799ca,0
5511f114e7ee,0
0551676cc2aa,0
362c4a96cebb,2
5264a54e1830,0
a763661f98a5,3
a188c60b93fb,0
e68bdd36e589,0
2700754f71e9,2
1d674e2e32e0,1
785777558f05,4
dee31065f8fe,0
49c5e7f6b8d2,1
a95858e052d6,1
69591ebb198d,2
4a96c28f3f07,0
7b49041cbf17,3
5d024177e214,2
4e6071b73120,1
1c578b72d7b3,2
697538183db5,3
080ee76c958c,4
4dbce359d0e1,2
43e9c66eb0f3,0
7b8c78b41c0d,2
6889bc64ab09,2
ef26625121b3,4
3cd9713c0ecb,0
9c14ce27cbfc,0
2f143453bb71,0
b574d229ec4c,2
ed2c52c14493,0
51af8c112682,4
3b58b02c89ed,2
1b8701231c8f,0
2585bbc91909,0
62b826899151,0
9095d43fb132,0
a66c3165876f,2
48a45619d1a3,0
b0cc9f8d06e4,2
bfefa7344e7d,4
6e0f78e188ff,0
8f06ca4642bd,0
51a078d6d43a,0
cb547e723a16,4
388279491b5d,0
0a61bddab956,1
c2a58b2cfd0b,0
e229aca862c7,2
2cdcc910778d,0
9274e75dc4d5,0
8a759f94613a,2
7f0ffeb0a333,0
cbf0394039f8,2
3abac0961bfd,0
8b568d47a1fd,0
f1a761c68559,2
7d261f986bef,2
054b1b305160,0
21abd36095a1,4
b4b04d81acbb,0
df841a0440d8,2
0ada12c0e78f,4
a9a3225cf4b5,0
7bf981d9c7fe,1
f85c78201a50,0
be6cbf6e5b10,0
83a63c4a3e4a,0
0b00f8a77510,0
cd941e5bc659,0
222d0ac042b4,2
7bc00e58d419,0
02cd34a85b24,0
4210809074c1,0
b10fca20c885,0
7ec1ffe8220b,2
35beb47fe159,0
a3475dc3ac80,2
bd5013540a13,4
4393c5bc576a,1
d26bc6e1230d,0
21037f5c7790,0
4c52922f3bfd,2
bd9904495ccd,4
eedae6b28f96,0
e540d2e35d15,2
bf18ff30a8f6,1
c3acf47700ea,2
6fbaaf8eb67a,0
0eff8eacb2f7,2
8f1e7433a95d,2
e29e54ff921e,0
ead23cc922ed,1
57760be09c03,2
90a9a41eec6d,0
0a3202889f4d,1
d952dbfb0fe4,2
6cbc3dad809c,2
033f2b43de6d,2
b0f0fa677d5f,0
9232dc06cfdc,0
4c17e85686f0,0
e13412678eff,3
f69835dc7c50,4
6ccfdb031184,0
c56e65f74187,1
15cc2aef772a,1
c6a145742708,4
90960ddf4d14,0
e067b06fd655,0
bb08949dd70a,0
9033f1493da1,2
c01eae4b4939,4
b05922e7abd3,0
9b95d6203406,2
93421787f520,0
43ddd0ab0cc4,2
944a233fbf8e,1
de57c9e9fa93,0
3c42512c81e0,0
a721efb1e049,2
55092c0071eb,2
907aaff827e5,2
cab3dfa7962d,1
b762c29cf2f3,2
44a86263117b,0
e59c5f345bb0,0
f42b693a9414,0
2927665214e1,0
3cab32dd6ef9,0
6dfd80748e72,2
79540be95177,2
ad12cde115ab,0
6d0c0531083f,3
eeaea2c5ff34,0
9a94e0316ee3,3
312694ea8e6a,4
44a4d04162cc,0
b8e20c076b03,0
58c12863f33d,0
4ab8c0cece7f,0
e81f4a2fbbdc,0
0304bedad8fe,0
83038ca49b6d,0
342edf9b889d,0
07751b94a88a,0
6dc0281f11e3,0
bb5083fae98f,3
9a3109657ac1,1
22449af52060,0
d5b4705ac2ee,1
1f5496352859,0
47536db39f00,0
e96bd80a8a53,1
0edadb2aa127,3
fd0a70082e7c,0
9b70f84400af,0
d516f77d4516,0
b60dbf9f0744,2
94372043d55b,1
af828dab3ffc,2
b91ef82e723a,2
6de39b94f634,0
9287e57326d0,0
9cf7c1349673,0
ce887b196c23,2
ee36ca728641,0
bf87aedf2489,0
1633f8291a80,0
351e842842a2,0
d81b6ed83bc2,2
50915e2329a1,0
daeaa5d8cf70,2
10f10fd30718,0
7e70344b0c25,0
54bdcdecd8f3,0
aa9b8f05f4bf,2
4cfd22ae43d4,0
24b943fe725e,1
10f36b0239fb,1
f298b7d05958,0
a6356a3c5d11,0
39134907127a,2
1c0e5dd1b14c,2
52ddde91a349,0
03fd50da928d,2
db3cd58aa315,0
2c9dfc270f1b,0
4294a14c656a,3
e9129ce55fd7,2
76cab26493f1,0
e632e38fd2d4,0
fe3f62695b2d,0
f2f569a64949,0
a77eb914b383,0
207a580de0ea,2
4c9f0fdaaef7,3
2cf18033da31,0
61c2fbd16e38,2
4e0656629d02,1
b8297a2291f5,0
d18f6431ebce,0
3c78bfca247b,4
5293576816aa,0
eadc57064154,4
5f70ad48a525,2
d74ccc796517,0
bcb0498ed2c1,0
79cbae28d8b2,0
6b66b0e86f7e,0
42b08dca9b2f,2
45693d027798,0
03747397839f,2
8114d6a160df,1
328d141ed3aa,0
c546670d9684,0
fa748b57262b,2
fecf4c5ae84b,1
d0ffa0425ef1,3
484dbeb9bf2a,0
ed2ef440d22c,0
20d5fdd450ae,4
b89938407ee6,2
c64c0966b4cf,0
66bae1ba227f,2
e663c6627a95,2
c58971bcebb2,0
6d3d1fe6c32a,2
4a589edaea60,0
4a05f81b3aba,0
0b8bdec9d869,0
3e86335bc2fd,2
d2afca74cbc3,0
1a19f2ef4472,0
189cbbc9e5e3,0
bed8296c8dfe,0
8a87dd2a784e,0
4554062fa836,0
ae8424cdb029,2
6f923b60934b,4
12a82fc7d73e,2
99c6a123ed6a,0
8f2996b8d855,1
15f8d769935c,0
c0202976c670,2
460893cd86e3,2
aaaadb174012,0
b8ebedd382de,1
691eeb59b4cb,0
e9286ddf6ffe,1
4ad8d3ec8789,0
cc1eebed9276,2
756b0d6488bb,1
bc23f74e14dd,2
87774aafe068,4
61da799bf0aa,0
8241e43408a8,0
e0b5a982a018,3
441848e0f308,0
a73d012c4c38,0
5baed382f062,0
55f7f018c61c,0
d271d3a2b552,4
b5a3ca5c0a80,0
cd1c98ec48b1,0
b1b3e7d0a5f3,4
d9bbdc33db83,2
65dda202653d,0
00a8624548a9,2
3730c322d35b,0
a2ad3da4c7d6,2
9b7b6e4db1d5,2
4205e9deb058,0
3fe282197c1c,0
45ae04cfde5d,2
0f882877bf13,3
73d40ce06a67,0
0cb14014117d,3
ef48780f5d5f,0
94ef1d14597f,4
3732de8b416f,0
357f02a779d7,0
883c6a184f16,0
d1afdb8cf70d,0
5ad3dabeb2cd,0
7e980424868e,0
596f4fdb0004,0
c70d09370109,2
4e4a6224a04e,0
30263a7d5609,0
b294927b14b0,0
405b4f78658f,3
b83a6eca125f,2
81bc03e2ff2b,2
9a28d4e8aef0,2
ab88081e5654,0
97fdee242fea,0
1e1fb019710d,2
c8823cdaf7fa,2
9904939ab83d,2
d2dc86021c67,0
0851d6a69589,0
af7a36454670,0
599498e9e4bc,0
1df3e03a8f5f,1
4abca30b676b,4
02685f13cefd,4
36ec36c301c1,2
2ef10194e80d,0
0babc12807b2,0
5b301a6d1ac7,2
071435a218ec,2
6f689fced922,0
06586082a24d,0
c3aa424eff9a,0
04aef84a2cc1,0
dd3176bacfe2,0
2af1bf226f51,2
39fd8ef3a45c,0
c05b7b4c22fe,2
4b1001050f1d,2
cc839823755b,2
27933cdbe0cc,0
cd563556cb57,0
aa841de1ee82,2
ee3f5cf52188,0
266fbefa58fb,0
dce73d90c00c,0
e4d3d437b0a8,0
a14bbd9a583e,3
501c319f7a9f,0
653534ded339,2
8d8aca52c07b,4
1cb6961d141c,0
c25e02b39c01,0
757572337fd0,2
4e82c3c8d31f,1
dd3dad6ca78f,3
68ddb15a74de,0
37c4dfe03aba,4
5077cdb88aed,0
bcd503c726ba,4
6d292ca4c9ad,1
6b3860e8f64f,0
1d11794057ff,1
05113073b268,0
8ac0c44bbf24,4
b0d6417bad3e,2
4276b82e4489,0
ff52392372d3,2
141735b57ec0,2
c5e238aa18be,4
04a6fc58dabc,2
7427dedafccf,1
b5c80d0ed0ff,2
1943983492e5,2
eb1d37b71fd1,4
58f07741ee3b,0
dd110d2b8c21,2
8543a801dce0,2
a9bc2f892cb3,0
c67117c6ab3b,3
ba4e62c11cc0,0
5c7ab966a3ee,4
37c523296d42,0
291e2ff3d834,2
60e269e3e188,2
ff4832d55461,0
cd93a472e5cd,4
2a93334f663a,0
683023cda6a5,0
bb752b179751,0
dee687c6e88a,2
59bd19c1c5bb,0
913b1890ed1e,2
188219f2d9c6,0
201f882365d3,0
b927a9238434,2
b5b913358b32,0
93a1b984de84,0
247e98aba610,4
72c31aa48e2c,0
fb88d23fc5fe,0
dc3c0d8ee20b,2
10ecc5292ab1,2
be8697eb2078,0
a8aed92940fb,0
a3706ce27869,2
22ce8ef69357,2
3ca637fddd56,4
a8c950a99107,1
2eba4279e503,0
61d9c88a3a4b,0
dec5595e6154,0
b77b8a1f09f1,4
95e732e043a1,4
4fecf87184e6,3
2821998fc002,0
467b7d9d811c,2
0d8f60ed9280,0
eadfc8809ec8,2
d85588ff2ebd,1
0024cdab0c1e,1
be197b663520,0
06b71823f9cd,1
1414128bead0,2
a87f53bc984a,2
441affbe99aa,2
9fa02dfb5553,0
b3f31c371e59,0
996f57c86ba5,3
6e44f6d04fc9,0
f55e1d2a19e4,1
1db0393cdbc1,0
4c78d9d18da9,2
8000a6b97a84,2
8cb6b0efaaac,2
5c6194562ed2,2
ed3a0fc5b546,4
bf1b7e21e774,2
166068a24416,3
14515b8f19b6,2
2f2e1949ad56,1
1db18bdd43aa,2
09662e462531,0
5265dc9acdf8,2
4a7dc013e802,4
157d17349cc6,2
cb2f3c5d71a7,1
a5a2a7003d60,1
86722fcd802c,2
064af6592ba6,2
aa9cfe639ef1,2
cac80797770f,2
29580bed2f7d,2
8ff2733f6aef,2
d871895742b1,0
674057ab250c,2
24de56d433cd,0
269b44e628eb,3
248139c423c4,1
94111ed3d276,1
060e00d1e2ab,0
e8d1c6c07cf2,3
b0acd3593310,0
eda1d75cbcf0,0
08c17a2d95b7,2
a53d6d2472a6,0
7f1f3269f546,0
77f69c7ff324,2
17d997fe1090,0
f4d3777f2710,2
39aa3cd93c50,3
1d3e9b939732,0
b66f23ffa730,0
48c49f662f7d,2
a8dea22ef903,0
12e3f5f2cb17,1
9782c0489eca,1
32ed318235b8,0
c5a0e84e955d,0
f8cf7ed8ef00,4
ba0107fb1bfd,0
da9262d9f5d9,0
e1900014dabf,3
4d21ce39c905,2
b22cc1bf0b8a,0
7c6594b50690,0
c56293f53191,0
22a6da005395,1
e33766353db2,0
65e6f1bd9875,0
4189d4e631ec,2
a654b25124c3,0
01d9477b1171,0
9a78c6a7b1c2,2
5bf3357a2823,0
15f440753916,3
77543f66a84a,2
66460ecab347,0
a44345b27804,0
0cecc2864b7f,0
750e0168399d,0
bf6cbccacf39,0
f0c13be90519,1
df84e7113003,4
4ffa38550c95,0
cf6551521a35,0
98f48850ebce,2
191cf5668f33,0
e9faf0296643,0
772af553b8b7,3
5078caaf1f57,0
8ed586c43023,0
314862758acf,2
0f96c358a250,3
49eb73968c44,0
ca1036496659,1
9d9bfefa809c,2
a4b8de38eac1,3
7e6e90a93aa5,2
d6b109c82067,0
143db89c11c8,0
35aa7f5c2ec0,1
aca88f566228,2
a19ecd0a706e,1
8eeac97f02f0,4
664b1f9a2087,4
5e7db41b3bee,4
059bc89df7f4,1
95a4cc805c7b,1
16ce555748d8,4
408ea9d5e082,4
527bea76116c,2
1c4d87baaffc,2
53c874dbc594,0
ea4dcb055139,2
8e6df9eedcd8,0
165634a6167e,0
8aab201c0691,2
d2d523e9f669,0
12b57dac703e,0
a06b353e7bed,0
94a67ec0714f,2
7525ebb3434d,3
ca891d37a43c,2
5d9c841eb245,0
b842b43cb7fb,0
e4a44f9158dc,0
7e0598cc88a0,4
5e18af29d812,2
454792eb6e05,0
521d3e264d71,2
44f7f3ef9d50,0
8688f3d0fcaf,3
99132193eaa0,1
12e6e66c80a7,2
6504b703c429,0
ff0740cb484a,2
a443c4fd489c,1
0c55d58bebaf,2
10fca1abf338,4
bda91b76095b,0
aa8a1e814811,0
4d7d6928534a,1
ee77763a6afb,0
25dc1b41ed9c,2
b7983cb3f270,0
5d3c8c1f57da,0
f7edc074f06b,2
d2c5fb82fe5f,0
b468ebf5cb11,2
6666c4f18396,2
33e7bf536fc5,0
2532613a584a,2
0b64a0a06f9a,0
2c2aa057afc5,2
8a7765e785fb,0
d15ca3469b87,2
71a39c660432,3
55fd453001cc,2
1e4650743fa2,2
24f271c87e73,0
d3de0d313d61,1
25b4080f598b,0
870fbe6eaa68,0
6dcde47060f9,2
ea9c41e1ced0,0
a1edf0e66592,0
165cd2070ebd,4
547b37da9223,2
ff1e940105f9,0
c0e15e8e2b46,1
c62cef02efa2,0
5299a532f0e0,0
f4de9620e3f2,0
b69c224edd6e,0
76e6a9238570,2
8a01daa423f7,1
93be637084a2,1
4927945ecfed,0
5671eb95512b,1
1caba2fb38f6,0
b2ffa3e18559,3
5e5275ddee29,0
8bbd7835e9aa,1
d2901144070c,4
a384e688e228,0
5d74f98d62be,4
6a905a7202d2,0
c102db7634d8,1
d6283ded6aea,2
87295c5fa1cc,0
94b1d8ad35ec,1
79ce83c07588,1
1ae3c58759fb,0
b92eacd1392a,0
a125377fb985,2
922586d86cd8,0
cbd0870aa933,4
97a235367f9d,0
c5bec7f1e5f3,0
5db2e3a4594a,0
1dd9adcbfff4,2
febfb20dc311,0
fcc6aa6755e6,3
7d1b40fdbd86,2
05339950962e,0
026dcd9af143,2
07d8db76b301,2
a2b97d98f130,0
388f12e8df0b,2
62318d514160,4
57ce57a8cfb0,2
80ca40196225,3
cb2201c226d6,0
c6c2bad91f23,2
8344c783da65,0
c7c0470bcf87,2
a6731dd737af,0
b191ba0a2b12,3
7ef5ff774a48,1
a4ee03ecff60,0
cd45bfa07d41,1
52dbec057cc8,2
da0a83f074f3,0
1c0cf251b426,1
299086c6d1b5,3
9122b31414d3,0
3694e8c8e09a,0
8b8fe3fc8950,0
18323d8f2470,2
5728b8aa98ef,0
63d217b059b6,2
c5ad60521f8c,2
d1fb4efb117c,2
